id;adresbinnenland;adrescorrespondentie;datumaanvang;datumeindegeldig;datumfaillisement;indicatieeconomischactief;kvknummer;rechtsvorm;rsin;statutairenaam;telefoonnummer;url
1;meh pollard;nearly vaguely;2024-05-06;2024-05-06;2024-05-05;thunderous;regularl;provided;above righ;against;concerned;https://noteworthy-exhibit.name
2;yahoo back;legal;2024-05-05;2024-05-05;2024-05-05;bakeware scallop aged;inasmuch;along;depression;quota whenever;panel drill;https://weepy-indicator.org/
3;vivaciously;pish;2024-05-05;2024-05-06;2024-05-06;pastel amidst;of;boogeyman;correctly;psst ah fussy;miserably;https://trifling-advocacy.net/
4;brr indeed;tankful;2024-05-05;2024-05-05;2024-05-06;convince whoa;mysterio;beyond;sick sully;hence circa;crowded;https://focused-ambience.org/
5;unlike beautifully evenly;poem verbally;2024-05-06;2024-05-06;2024-05-06;lazily reliable;jealousl;fairly quieten;tightly th;unless;amid teethe;https://pricey-exam.info
6;since;worth mew;2024-05-06;2024-05-06;2024-05-06;juvenile whose;lie wher;attraction while skylight;towards;woot;wholly knowingly;https://several-copper.org
7;outside that until;even dreamily;2024-05-05;2024-05-06;2024-05-06;finally opposite likewise;rigidly ;indeed;pheromone ;paralyze yuck;yuck download;https://good-chin.net/
8;woefully gee;nor wherever hybridisation;2024-05-06;2024-05-06;2024-05-06;yippee instead gee;whether ;even knowledgeably hence;recklessly;via upright miserably;deceivingly whereas;https://equal-flash.net
9;inside ha brilliant;boiling;2024-05-06;2024-05-05;2024-05-05;until understated;except;disability openly;psst ridge;jealously whether;staff;https://cheery-gram.org
10;daily amongst;mountainous;2024-05-05;2024-05-05;2024-05-05;instead;hope alt;remorseful;coast ew f;boohoo incomplete lest;underneath recap ver;https://tender-airplane.name/
