id;datumbegingeldigheidreisdocumentsoort;datumeindegeldigheidreisdocumentsoort;reisdocumentcode;reisdocumentomschrijving
1;2024-05-06;2024-05-06;exeunt;fine
2;2024-05-06;2024-05-06;how;an orangutan furthermore
3;2024-05-06;2024-05-06;coerce melody minus;zowie
4;2024-05-05;2024-05-05;ha incidentally;even
5;2024-05-06;2024-05-05;aha whoa;afflict suspiciously
6;2024-05-05;2024-05-06;if;plum what apud
7;2024-05-06;2024-05-06;furthermore;unto separately soulful
8;2024-05-05;2024-05-06;infrastructure;of midst sell
9;2024-05-05;2024-05-06;few whenever;flesh practical
10;2024-05-06;2024-05-05;lovingly whether around;beside remnant about
